<?xml version="1.0" encoding="UTF-8" ?>
<!DOCTYPE mapper
  PUBLIC "-//mybatis.org//DTD Mapper 3.0//EN"
  "http://mybatis.org/dtd/mybatis-3-mapper.dtd">

<!-- 플레이어 정보 처리 SQL -->
<mapper namespace="test.dao.Mapper">

<!-- 플레이어 추가 -->
<insert id = "createPlayer" paramaterType = "player">
insert into record
values(
  REC_SEQ.NEXTVAL,
  #{name},
  0,
  0,
  0)
</insert>

<!-- win_count increment -->
<update id = "winIncre" parameterType = "test.vo.Player">
update record set win_count = win_count+1
</update>
	
<!-- lose_count increment -->
<update id = "loseIncre" parameterType = "test.vo.Player">
update record set lose_count = lose_count+1
</update>

<!-- total count increment -->
<update id = "totalIncre" parameterType = "test.vo.Player">
update record set total_count = total_count+1
</update>

<!-- print Player names -->
<select id = "printName" resultType = "test.vo.Player">
select name from record
order by id
</select>

<!-- print Player info in order from the highest winning rate   -->
<select id = "ranklist" resultType = "test.vo.Player">
select * from record
order by id
</select>


<!-- select by name -->
<select id = "selectByName" parameterType = "string" resultType = "test.vo.Player">
select * from record where name = #{name}
</select>

</mapper>